"","PLANET","sentiment","length"
"1","Saturn",-0.613333333333333,182
"2","Jupiter",0.6,91
"3","Mars",-0.430555555555556,154
"4","Sun",0.6,83
"5","Venus",0.473684210526316,181
"6","Mercury",0.188888888888889,256
"7","Moon",0.25,99
